RF,Expected_Value_1,Expected_Value_2,Expected_Value_3
0.045,0.11926144591422976,0.11494390976052198,0.1346099492756862
