Asset1,Asset2,Asset3
0.031991639763306136,0.013559245335407215,0.017371680978123204
0.013559245335407215,0.02837981166808549,0.01636169713320385
0.017371680978123204,0.016361697133203845,0.04658243235156406
