weight1,weight2,weight3
0.24995628433597417,0.3715804933255288,0.37846322233849716
