Underlying,Strike,IV,TTM,RF,DivRate
88.85333460178012,87.78784143737076,0.18,148,0.045,0.056976059844144916
